{"Modules":[{"Key":"","Source":"","Dir":"."},{"Key":"destination","Source":"registry.terraform.io/terraform-google-modules/log-export/google//modules/pubsub","Version":"9.0.0","Dir":".terraform/modules/destination/modules/pubsub"},{"Key":"ic-artifact-registry","Source":"registry.terraform.io/GoogleCloudPlatform/artifact-registry/google","Version":"0.2.0","Dir":".terraform/modules/ic-artifact-registry"},{"Key":"ic-bucket","Source":"registry.terraform.io/terraform-google-modules/cloud-storage/google","Version":"6.1.0","Dir":".terraform/modules/ic-bucket"},{"Key":"ic-bucket-paste","Source":"registry.terraform.io/terraform-google-modules/cloud-storage/google","Version":"6.1.0","Dir":".terraform/modules/ic-bucket-paste"},{"Key":"ic-cr","Source":"./modules/cloudrun","Dir":"modules/cloudrun"},{"Key":"ic-service-account","Source":"./modules/service-account","Dir":"modules/service-account"},{"Key":"ic-vpc","Source":"registry.terraform.io/terraform-google-modules/network/google","Version":"9.2.0","Dir":".terraform/modules/ic-vpc"},{"Key":"ic-vpc.firewall_rules","Source":"./modules/firewall-rules","Dir":".terraform/modules/ic-vpc/modules/firewall-rules"},{"Key":"ic-vpc.routes","Source":"./modules/routes","Dir":".terraform/modules/ic-vpc/modules/routes"},{"Key":"ic-vpc.subnets","Source":"./modules/subnets","Dir":".terraform/modules/ic-vpc/modules/subnets"},{"Key":"ic-vpc.vpc","Source":"./modules/vpc","Dir":".terraform/modules/ic-vpc/modules/vpc"},{"Key":"interconnect-artifact-registry","Source":"registry.terraform.io/GoogleCloudPlatform/artifact-registry/google","Version":"0.2.0","Dir":".terraform/modules/interconnect-artifact-registry"},{"Key":"interconnect-bucket","Source":"registry.terraform.io/terraform-google-modules/cloud-storage/google","Version":"6.1.0","Dir":".terraform/modules/interconnect-bucket"},{"Key":"interconnect-cloudrun","Source":"./modules/interconnect/cloudrun","Dir":"modules/interconnect/cloudrun"},{"Key":"interconnect-prod-vpc","Source":"registry.terraform.io/terraform-google-modules/network/google","Version":"9.2.0","Dir":".terraform/modules/interconnect-prod-vpc"},{"Key":"interconnect-prod-vpc.firewall_rules","Source":"./modules/firewall-rules","Dir":".terraform/modules/interconnect-prod-vpc/modules/firewall-rules"},{"Key":"interconnect-prod-vpc.routes","Source":"./modules/routes","Dir":".terraform/modules/interconnect-prod-vpc/modules/routes"},{"Key":"interconnect-prod-vpc.subnets","Source":"./modules/subnets","Dir":".terraform/modules/interconnect-prod-vpc/modules/subnets"},{"Key":"interconnect-prod-vpc.vpc","Source":"./modules/vpc","Dir":".terraform/modules/interconnect-prod-vpc/modules/vpc"},{"Key":"interconnect-pubsub","Source":"registry.terraform.io/terraform-google-modules/pubsub/google","Version":"6.0.0","Dir":".terraform/modules/interconnect-pubsub"},{"Key":"interconnect-service-account","Source":"./modules/interconnect/service-account","Dir":"modules/interconnect/service-account"},{"Key":"log_export","Source":"registry.terraform.io/terraform-google-modules/log-export/google","Version":"9.0.0","Dir":".terraform/modules/log_export"},{"Key":"trusted-artifact-registry","Source":"registry.terraform.io/GoogleCloudPlatform/artifact-registry/google","Version":"0.2.0","Dir":".terraform/modules/trusted-artifact-registry"},{"Key":"trusted-bucket","Source":"registry.terraform.io/terraform-google-modules/cloud-storage/google","Version":"6.1.0","Dir":".terraform/modules/trusted-bucket"},{"Key":"trusted-cr","Source":"./modules/cloudrun","Dir":"modules/cloudrun"},{"Key":"trusted-service-account","Source":"./modules/service-account","Dir":"modules/service-account"},{"Key":"trusted-vpc","Source":"./modules/interconnect/vpc","Dir":"modules/interconnect/vpc"}]}